date,US_Exp_Infl_10Y,US_Rates_10Y,US_Rates_1M,US_Rates_3M,US_LS_CPI_Year_T+1,US_Real_Rates_10Y
1946-12-31,-5.64,,,,-5.64,
1947-06-30,-6.653333333333333,,,,-6.653333333333333,
1947-12-31,-3.1714285714285717,,,,-3.1714285714285717,
1948-06-30,-2.2906666666666666,,,,-2.2906666666666666,
1948-12-31,-2.4967741935483874,,,,-2.4967741935483874,
1949-06-30,-3.910476190476191,,,,-3.910476190476191,
1949-12-31,-3.0384251968503935,,,,-3.0384251968503935,
1950-06-30,-1.4981960784313726,,,,-1.4981960784313726,
1950-12-31,1.2813307240704501,,,,1.2813307240704501,
1951-06-30,1.9413098729227762,,,,1.9413098729227762,
1951-12-31,1.9906790425012213,,,,1.9906790425012213,
1952-06-30,0.8150525030525031,,,,0.8150525030525031,
1952-12-31,0.0074276645098278775,,,,0.0074276645098278775,
1953-06-30,-0.7113300372337178,,,,-0.7113300372337178,
1953-12-31,-0.9106711020233772,,,,-0.9106711020233772,
1954-01-31,-1.0103370717936981,,,1.02,-1.0103370717936981,
1954-02-28,-1.0601689160836496,,,1.0,-1.0601689160836496,
1954-03-31,-1.0850845530874373,,,1.03,-1.0850845530874373,
1954-04-30,-1.097542300304986,,,0.81,-1.097542300304986,
1954-05-31,-1.103771156092793,,,0.72,-1.103771156092793,
1954-06-30,-0.6018853387285896,,,0.64,-0.6018853387285896,
1954-07-31,-0.3509426095348859,,,0.79,-0.3509426095348859,
1954-08-31,-0.22547128981009606,,,1.05,-0.22547128981009606,
1954-09-30,-0.162735641165712,,,0.99,-0.162735641165712,
1954-10-31,-0.13136781964802208,,,1.0,-0.13136781964802208,
1954-11-30,-0.11568390959030257,,,1.01,-0.11568390959030257,
1954-12-31,-0.05784195436419514,,,1.02,-0.05784195436419514,
1955-01-31,-0.028920977074358534,,,1.12,-0.028920977074358534,
1955-02-28,-0.014460488510244507,,,1.37,-0.014460488510244507,
1955-03-31,-0.007230244248388564,,,1.41,-0.007230244248388564,
1955-04-30,-0.0036151221225108597,,,1.59,-0.0036151221225108597,
1955-05-31,-0.0018075610608345742,,,1.39,-0.0018075610608345742,
1955-06-30,0.15409621948773228,,,1.47,0.15409621948773228,
1955-07-31,0.23204810974840354,,,1.75,0.23204810974840354,
1955-08-31,0.27102405487533615,,,2.09,0.27102405487533615,
1955-09-30,0.2905120274379517,,,2.15,0.2905120274379517,
1955-10-31,0.3002560137190467,,,2.15,0.3002560137190467,
1955-11-30,0.30512800685954106,,,2.44,0.30512800685954106,
1955-12-31,0.40756400342995686,,,2.5,0.40756400342995686,
1956-01-31,0.45878200171502503,,,2.32,0.45878200171502503,
1956-02-29,0.4843910008575242,,,2.3,0.4843910008575242,
1956-03-31,0.49719550042876504,,,2.3,0.49719550042876504,
1956-04-30,0.5035977502143832,,,2.69,0.5035977502143832,
1956-05-31,0.5067988751071918,,,2.57,0.5067988751071918,
1956-06-30,0.5133994375535961,,,2.42,0.5133994375535961,
1956-07-31,0.5166997187767981,,,2.3,0.5166997187767981,
1956-08-31,0.5183498593883991,,,2.66,0.5183498593883991,
1956-09-30,0.5191749296941995,,,2.91,0.5191749296941995,
1956-10-31,0.5195874648470997,,,2.86,0.5195874648470997,
1956-11-30,0.5197937324235499,,,3.04,0.5197937324235499,
1956-12-31,0.8048968662117751,,,3.22,0.8048968662117751,
1957-01-31,0.9474484331058877,,,3.12,0.9474484331058877,
1957-02-28,1.018724216552944,,,3.28,1.018724216552944,
1957-03-31,1.054362108276472,,,2.96,1.054362108276472,
1957-04-30,1.0721810541382362,,,3.01,1.0721810541382362,
1957-05-31,1.0810905270691182,,,3.31,1.0810905270691182,
1957-06-30,1.145545263534559,,,3.22,1.145545263534559,
1957-07-31,1.1777726317672794,,,3.38,1.1777726317672794,
1957-08-31,1.1938863158836397,,,3.5,1.1938863158836397,
1957-09-30,1.2019431579418198,,,3.46,1.2019431579418198,
1957-10-31,1.2059715789709098,,,3.6,1.2059715789709098,
1957-11-30,1.2079857894854549,,,3.14,1.2079857894854549,
1957-12-31,0.7289928947427274,,,2.75,0.7289928947427274,
1958-01-31,0.4894964473713637,,,1.55,0.4894964473713637,
1958-02-28,0.36974822368568183,,,1.27,0.36974822368568183,
1958-03-31,0.3098741118428409,,,1.1,0.3098741118428409,
1958-04-30,0.2799370559214205,,,1.2,0.2799370559214205,
1958-05-31,0.26496852796071024,,,0.58,0.26496852796071024,
1958-06-30,0.2974842639803551,,,0.75,0.2974842639803551,
1958-07-31,0.31374213199017753,,,0.91,0.31374213199017753,
1958-08-31,0.32187106599508875,,,2.33,0.32187106599508875,
1958-09-30,0.3259355329975444,,,2.7,0.3259355329975444,
1958-10-31,0.32796776649877224,,,2.55,0.32796776649877224,
1958-11-30,0.3289838832493861,,,2.78,0.3289838832493861,
1958-12-31,0.5694919416246931,,,2.68,0.5694919416246931,
1959-01-31,0.6897459708123466,,,2.64,0.6897459708123466,
1959-02-28,0.7498729854061733,,,2.76,0.7498729854061733,
1959-03-31,0.7799364927030867,,,2.78,0.7799364927030867,
1959-04-30,0.7949682463515434,,,2.85,0.7949682463515434,
1959-05-31,0.8024841231757718,,,3.08,0.8024841231757718,
1959-06-30,0.8962420615878859,,,3.14,0.8962420615878859,
1959-07-31,0.9431210307939429,,,3.0,0.9431210307939429,
1959-08-31,0.9665605153969714,,,3.88,0.9665605153969714,
1959-09-30,0.9782802576984857,,,4.1,0.9782802576984857,
1959-10-31,0.9841401288492428,,,4.0,0.9841401288492428,
1959-11-30,0.9870700644246214,,,4.44,0.9870700644246214,
1959-12-31,1.0185350322123108,,,4.4,1.0185350322123108,
1960-01-31,1.0342675161061554,,,3.99,1.0342675161061554,
1960-02-29,1.0421337580530778,,,4.19,1.0421337580530778,
1960-03-31,1.0460668790265388,,,3.02,1.0460668790265388,
1960-04-30,1.0480334395132695,,,3.04,1.0480334395132695,
1960-05-31,1.0490167197566347,,,3.12,1.0490167197566347,
1960-06-30,0.8745083598783173,,,2.19,0.8745083598783173,
1960-07-31,0.7872541799391586,,,2.19,0.7872541799391586,
1960-08-31,0.7436270899695793,,,2.57,0.7436270899695793,
1960-09-30,0.7218135449847896,,,2.3,0.7218135449847896,
1960-10-31,0.7109067724923948,,,2.12,0.7109067724923948,
1960-11-30,0.7054533862461974,,,2.4,0.7054533862461974,
1960-12-31,0.6777266931230987,,,2.2,0.6777266931230987,
1961-01-31,0.6638633465615493,,,2.28,0.6638633465615493,
1961-02-28,0.6569316732807746,,,2.58,0.6569316732807746,
1961-03-31,0.6534658366403874,,,2.42,0.6534658366403874,
1961-04-30,0.6517329183201936,,,2.27,0.6517329183201936,
1961-05-31,0.6508664591600968,,,2.34,0.6508664591600968,
1961-06-30,0.8954332295800483,,,2.27,0.8954332295800483,
1961-07-31,1.017716614790024,,,2.26,1.017716614790024,
1961-08-31,1.078858307395012,,,2.35,1.078858307395012,
1961-09-30,1.1094291536975058,,,2.23,1.1094291536975058,
1961-10-31,1.1247145768487528,,,2.28,1.1247145768487528,
1961-11-30,1.1323572884243762,,,2.55,1.1323572884243762,
1961-12-31,1.171178644212188,,,2.67,1.171178644212188,
1962-01-31,1.190589322106094,4.1,,2.73,1.190589322106094,2.9094106778939057
1962-02-28,1.200294661053047,4.0,,2.71,1.200294661053047,2.799705338946953
1962-03-31,1.2051473305265235,3.86,,2.75,1.2051473305265235,2.6548526694734766
1962-04-30,1.2075736652632618,3.86,,2.74,1.2075736652632618,2.652426334736738
1962-05-31,1.208786832631631,3.9,,2.7,1.208786832631631,2.6912131673683692
1962-06-30,1.1343934163158154,4.0,,2.9,1.1343934163158154,2.8656065836841846
1962-07-31,1.0971967081579077,4.04,,2.86,1.0971967081579077,2.9428032918420923
1962-08-31,1.0785983540789539,3.96,,2.81,1.0785983540789539,2.881401645921046
1962-09-30,1.0692991770394769,3.94,,2.74,1.0692991770394769,2.870700822960523
1962-10-31,1.0646495885197385,3.92,,2.72,1.0646495885197385,2.8553504114802615
1962-11-30,1.0623247942598693,3.92,,2.86,1.0623247942598693,2.8576752057401307
1962-12-31,1.0811623971299347,3.85,,2.92,1.0811623971299347,2.7688376028700654
1963-01-31,1.0905811985649674,3.87,,2.93,1.0905811985649674,2.7794188014350327
1963-02-28,1.0952905992824837,3.94,,2.9,1.0952905992824837,2.844709400717516
1963-03-31,1.097645299641242,3.95,,2.91,1.097645299641242,2.852354700358758
1963-04-30,1.098822649820621,3.95,,2.9,1.098822649820621,2.851177350179379
1963-05-31,1.0994113249103106,3.96,,3.0,1.0994113249103106,2.8605886750896894
1963-06-30,1.0747056624551554,4.0,,2.99,1.0747056624551554,2.9252943375448446
1963-07-31,1.0623528312275776,4.0,,3.27,1.0623528312275776,2.9376471687724224
1963-08-31,1.056176415613789,4.02,,3.39,1.056176415613789,2.9638235843862106
1963-09-30,1.0530882078068946,4.07,,3.37,1.0530882078068946,3.0169117921931057
1963-10-31,1.0515441039034474,4.15,,3.48,1.0515441039034474,3.098455896096553
1963-11-30,1.0507720519517236,4.08,,3.5,1.0507720519517236,3.0292279480482764
1963-12-31,1.0253860259758618,4.14,,3.51,1.0253860259758618,3.114613974024138
1964-01-31,1.0126930129879308,4.15,,3.5,1.0126930129879308,3.1373069870120696
1964-02-29,1.0063465064939654,4.18,,3.6,1.0063465064939654,3.173653493506034
1964-03-31,1.0031732532469828,4.23,,3.51,1.0031732532469828,3.2268267467530176
1964-04-30,1.0015866266234914,4.22,,3.45,1.0015866266234914,3.2184133733765083
1964-05-31,1.0007933133117457,4.19,,3.47,1.0007933133117457,3.1892066866882547
1964-06-30,1.1203966566558727,4.15,,3.47,1.1203966566558727,3.0296033433441276
1964-07-31,1.1801983283279363,4.19,,3.47,1.1801983283279363,3.009801671672064
1964-08-31,1.2100991641639682,4.21,,3.5,1.2100991641639682,2.9999008358360317
1964-09-30,1.2250495820819842,4.18,,3.55,1.2250495820819842,2.9549504179180155
1964-10-31,1.232524791040992,4.16,,3.55,1.232524791040992,2.927475208959008
1964-11-30,1.2362623955204959,4.2,,3.84,1.2362623955204959,2.9637376044795043
1964-12-31,1.243131197760248,4.21,,3.82,1.243131197760248,2.966868802239752
1965-01-31,1.246565598880124,4.19,,3.87,1.246565598880124,2.9434344011198763
1965-02-28,1.248282799440062,4.22,,3.99,1.248282799440062,2.9717172005599375
1965-03-31,1.2491413997200311,4.2,,3.93,1.2491413997200311,2.950858600279969
1965-04-30,1.2495706998600156,4.21,,3.91,1.2495706998600156,2.9604293001399844
1965-05-31,1.2497853499300078,4.23,,3.87,1.2497853499300078,2.9802146500699926
1965-06-30,1.159892674965004,4.2,,3.81,1.159892674965004,3.040107325034996
1965-07-31,1.1149463374825022,4.22,,3.81,1.1149463374825022,3.1050536625174976
1965-08-31,1.0924731687412512,4.27,,3.9,1.0924731687412512,3.1775268312587484
1965-09-30,1.0812365843706258,4.35,,4.02,1.0812365843706258,3.268763415629374
1965-10-31,1.0756182921853128,4.41,,4.06,1.0756182921853128,3.3343817078146873
1965-11-30,1.0728091460926565,4.48,,4.13,1.0728091460926565,3.407190853907344
1965-12-31,1.3764045730463281,4.65,,4.49,1.3764045730463281,3.2735954269536722
1966-01-31,1.5282022865231641,4.69,,4.63,1.5282022865231641,3.1617977134768362
1966-02-28,1.6041011432615822,5.02,,4.64,1.6041011432615822,3.4158988567384174
1966-03-31,1.642050571630791,4.71,,4.52,1.642050571630791,3.067949428369209
1966-04-30,1.6610252858153953,4.79,,4.65,1.6610252858153953,3.1289747141846047
1966-05-31,1.6705126429076977,4.8,,4.64,1.6705126429076977,3.129487357092302
1966-06-30,1.8802563214538488,4.97,,4.58,1.8802563214538488,3.089743678546151
1966-07-31,1.9851281607269242,5.05,,4.77,1.9851281607269242,3.0648718392730756
1966-08-31,2.0375640803634623,5.36,,5.06,2.0375640803634623,3.322435919636538
1966-09-30,2.063782040181731,5.02,,5.34,2.063782040181731,2.9562179598182685
1966-10-31,2.0768910200908657,4.97,,5.22,2.0768910200908657,2.893108979909134
1966-11-30,2.0834455100454328,5.12,,5.16,2.0834455100454328,3.0365544899545673
1966-12-31,2.1317227550227162,4.64,,4.81,2.1317227550227162,2.5082772449772834
1967-01-31,2.155861377511358,4.52,,4.51,2.155861377511358,2.3641386224886416
1967-02-28,2.1679306887556793,4.72,,4.54,2.1679306887556793,2.5520693112443205
1967-03-31,2.17396534437784,4.5,,4.01,2.17396534437784,2.32603465562216
1967-04-30,2.1769826721889203,4.78,,3.73,2.1769826721889203,2.60301732781108
1967-05-31,2.17849133609446,4.81,,3.46,2.17849133609446,2.6315086639055396
1967-06-30,2.2692456680472297,5.22,,4.0,2.2692456680472297,2.95075433195277
1967-07-31,2.3146228340236146,5.16,,4.12,2.3146228340236146,2.8453771659763856
1967-08-31,2.337311417011807,5.27,,4.38,2.337311417011807,2.9326885829881926
1967-09-30,2.3486557085059037,5.31,,4.39,2.3486557085059037,2.961344291494096
1967-10-31,2.3543278542529515,5.64,,4.56,2.3543278542529515,3.285672145747048
1967-11-30,2.357163927126476,5.74,,4.95,2.357163927126476,3.3828360728735243
1967-12-31,2.578581963563238,5.7,,5.04,2.578581963563238,3.1214180364367623
1968-01-31,2.689290981781619,5.54,,4.88,2.689290981781619,2.850709018218381
1968-02-29,2.744645490890809,5.56,,5.02,2.744645490890809,2.8153545091091905
1968-03-31,2.7723227454454045,5.76,,5.17,2.7723227454454045,2.9876772545545953
1968-04-30,2.7861613727227024,5.74,,5.51,2.7861613727227024,2.953838627277298
1968-05-31,2.793080686361351,5.86,,5.68,2.793080686361351,3.0669193136386492
1968-06-30,2.9515403431806755,5.64,,5.3,2.9515403431806755,2.688459656819324
1968-07-31,3.030770171590338,5.39,,5.17,3.030770171590338,2.3592298284096618
1968-08-31,3.070385085795169,5.42,,5.18,3.070385085795169,2.349614914204831
1968-09-30,3.0901925428975847,5.49,,5.16,3.0901925428975847,2.3998074571024155
1968-10-31,3.100096271448792,5.61,,5.48,3.100096271448792,2.5099037285512082
1968-11-30,3.105048135724396,5.78,,5.52,3.105048135724396,2.674951864275604
1968-12-31,2.997524067862198,6.16,,6.25,2.997524067862198,3.162475932137802
1969-01-31,2.9437620339310993,6.19,,6.19,2.9437620339310993,3.246237966068901
1969-02-28,2.91688101696555,6.26,,6.19,2.91688101696555,3.34311898303445
1969-03-31,2.903440508482775,6.3,,5.99,2.903440508482775,3.396559491517225
1969-04-30,2.8967202542413872,6.2,,5.87,2.8967202542413872,3.303279745758613
1969-05-31,2.893360127120694,6.56,,6.08,2.893360127120694,3.6666398728793057
1969-06-30,3.1666800635603467,6.73,,6.29,3.1666800635603467,3.5633199364396537
1969-07-31,3.3033400317801735,6.66,,7.06,3.3033400317801735,3.3566599682198266
1969-08-31,3.3716700158900865,6.83,,6.95,3.3716700158900865,3.4583299841099135
1969-09-30,3.4058350079450435,7.51,,7.14,3.4058350079450435,4.104164992054956
1969-10-31,3.4229175039725215,6.94,,6.99,3.4229175039725215,3.517082496027479
1969-11-30,3.431458751986261,7.29,,7.51,3.431458751986261,3.858541248013739
1969-12-31,3.5107293759931304,7.88,,8.01,3.5107293759931304,4.3692706240068695
1970-01-31,3.550364687996565,7.75,,7.86,3.550364687996565,4.199635312003435
1970-02-28,3.5701823439982823,6.9,,6.85,3.5701823439982823,3.329817656001718
1970-03-31,3.580091171999141,7.08,,6.38,3.580091171999141,3.499908828000859
1970-04-30,3.5850455859995707,7.82,,6.93,3.5850455859995707,4.23495441400043
1970-05-31,3.5875227929997853,7.95,,6.93,3.5875227929997853,4.3624772070002145
1970-06-30,3.6537613964998927,7.68,,6.49,3.6537613964998927,4.026238603500107
1970-07-31,3.6868806982499462,7.38,,6.38,3.6868806982499462,3.6931193017500537
1970-08-31,3.703440349124973,7.49,,6.33,3.703440349124973,3.786559650875027
1970-09-30,3.711720174562487,7.29,,5.84,3.711720174562487,3.578279825437513
1970-10-31,3.7158600872812437,7.33,,5.84,3.7158600872812437,3.6141399127187563
1970-11-30,3.7179300436406217,6.49,,5.04,3.7179300436406217,2.7720699563593785
1970-12-31,3.7639650218203107,6.5,,4.85,3.7639650218203107,2.7360349781796893
1971-01-31,3.786982510910155,6.09,,4.15,3.786982510910155,2.3030174890898447
1971-02-28,3.798491255455078,6.14,,3.4,3.798491255455078,2.341508744544922
1971-03-31,3.804245627727539,5.53,,3.64,3.804245627727539,1.725754372272461
1971-04-30,3.80712281386377,6.08,,3.93,3.80712281386377,2.2728771861362302
1971-05-31,3.8085614069318847,6.38,,4.34,3.8085614069318847,2.571438593068115
1971-06-30,3.954280703465942,6.7,,5.22,3.954280703465942,2.745719296534058
1971-07-31,4.027140351732971,6.85,,5.31,4.027140351732971,2.8228596482670287
1971-08-31,4.063570175866485,6.28,,4.44,4.063570175866485,2.216429824133515
1971-09-30,4.081785087933243,6.0,,4.6,4.081785087933243,1.918214912066757
1971-10-31,4.090892543966621,5.87,,4.31,4.090892543966621,1.7791074560333788
1971-11-30,4.0954462719833105,5.93,,4.34,4.0954462719833105,1.8345537280166893
1971-12-31,3.5977231359916555,5.89,,3.68,3.5977231359916555,2.292276864008344
1972-01-31,3.3488615679958276,6.09,,3.35,3.3488615679958276,2.7411384320041723
1972-02-29,3.2244307839979136,6.04,,3.46,3.2244307839979136,2.8155692160020864
1972-03-31,3.1622153919989566,6.12,,3.83,3.1622153919989566,2.9577846080010435
1972-04-30,3.1311076959994786,6.14,,3.63,3.1311076959994786,3.008892304000521
1972-05-31,3.115553847999739,6.05,,3.81,3.115553847999739,2.9344461520002607
1972-06-30,3.4627769239998694,6.15,,4.06,3.4627769239998694,2.687223076000131
1972-07-31,3.6363884619999345,6.12,,3.8,3.6363884619999345,2.4836115380000656
1972-08-31,3.723194230999967,6.42,,4.55,3.723194230999967,2.696805769000033
1972-09-30,3.7665971154999838,6.54,,4.55,3.7665971154999838,2.7734028845000163
1972-10-31,3.788298557749992,6.41,,4.76,3.788298557749992,2.621701442250008
1972-11-30,3.799149278874996,6.28,,4.88,3.799149278874996,2.4808507211250044
1972-12-31,3.639574639437498,6.41,,5.14,3.639574639437498,2.770425360562502
1973-01-31,3.5597873197187493,6.54,,5.68,3.5597873197187493,2.9802126802812507
1973-02-28,3.519893659859375,6.64,,5.85,3.519893659859375,3.120106340140625
1973-03-31,3.499946829929687,6.73,,6.4,3.499946829929687,3.2300531700703132
1973-04-30,3.489973414964844,6.7,,6.23,3.489973414964844,3.2100265850351564
1973-05-31,3.484986707482422,6.93,,6.92,3.484986707482422,3.4450132925175776
1973-06-30,3.862493353741211,6.94,,7.52,3.862493353741211,3.0775066462587892
1973-07-31,4.051246676870606,7.43,,8.32,4.051246676870606,3.378753323129394
1973-08-31,4.145623338435303,7.25,,8.66,4.145623338435303,3.1043766615646966
1973-09-30,4.192811669217652,6.9,,6.98,4.192811669217652,2.7071883307823486
1973-10-31,4.2164058346088265,6.71,,7.36,4.2164058346088265,2.4935941653911735
1973-11-30,4.228202917304413,6.69,,7.3,4.228202917304413,2.461797082695587
1973-12-31,4.794101458652207,6.9,,7.46,4.794101458652207,2.105898541347793
1974-01-31,5.077050729326103,7.0,,7.48,5.077050729326103,1.9229492706738966
1974-02-28,5.218525364663051,7.01,,7.46,5.218525364663051,1.7914746353369484
1974-03-31,5.289262682331525,7.41,,8.28,5.289262682331525,2.1207373176684747
1974-04-30,5.324631341165762,7.66,,8.9,5.324631341165762,2.3353686588342377
1974-05-31,5.342315670582881,7.52,,8.08,5.342315670582881,2.1776843294171186
1974-06-30,6.061157835291441,7.64,,7.34,6.061157835291441,1.5788421647085586
1974-07-31,6.42057891764572,7.89,,7.67,6.42057891764572,1.4694210823542795
1974-08-31,6.600289458822861,8.11,,8.93,6.600289458822861,1.5097105411771388
1974-09-30,6.690144729411431,7.94,,6.12,6.690144729411431,1.2498552705885695
1974-10-31,6.735072364705715,7.79,,7.8,6.735072364705715,1.054927635294285
1974-11-30,6.757536182352858,7.64,,7.47,6.757536182352858,0.8824638176471415
1974-12-31,7.028768091176429,7.4,,7.06,7.028768091176429,0.37123190882357093
1975-01-31,7.164384045588214,7.53,,5.68,7.164384045588214,0.36561595441178607
1975-02-28,7.2321920227941074,7.46,,5.4,7.2321920227941074,0.22780797720589252
1975-03-31,7.266096011397053,8.01,,5.53,7.266096011397053,0.7439039886029466
1975-04-30,7.283048005698527,8.31,,5.5,7.283048005698527,1.0269519943014735
1975-05-31,7.291524002849263,8.04,,5.2,7.291524002849263,0.7484759971507362
1975-06-30,6.480762001424631,7.96,,5.86,6.480762001424631,1.4792379985753685
1975-07-31,6.075381000712316,8.2,,6.25,6.075381000712316,2.1246189992876836
1975-08-31,5.872690500356158,8.22,,6.36,5.872690500356158,2.347309499643843
1975-09-30,5.771345250178079,8.48,,6.58,5.771345250178079,2.708654749821921
1975-10-31,5.72067262508904,7.91,,5.51,5.72067262508904,2.1893273749109605
1975-11-30,5.695336312544519,8.14,,5.54,5.695336312544519,2.4446636874554812
1975-12-31,5.86266815627226,7.76,,5.2,5.86266815627226,1.8973318437277396
1976-01-31,5.946334078136131,7.8,,4.73,5.946334078136131,1.8536659218638691
1976-02-29,5.988167039068065,7.77,,5.0,5.988167039068065,1.7818329609319346
1976-03-31,6.009083519534032,7.66,,4.97,6.009083519534032,1.650916480465968
1976-04-30,6.019541759767016,7.67,,4.91,6.019541759767016,1.6504582402329842
1976-05-31,6.0247708798835085,7.96,,5.49,6.0247708798835085,1.9352291201164915
1976-06-30,5.982385439941755,7.86,,5.37,5.982385439941755,1.8776145600582455
1976-07-31,5.961192719970878,7.86,,5.17,5.961192719970878,1.8988072800291222
1976-08-31,5.95059635998544,7.66,,5.09,5.95059635998544,1.7094036400145605
1976-09-30,5.9452981799927205,7.55,,5.06,5.9452981799927205,1.6047018200072793
1976-10-31,5.94264908999636,7.42,,4.89,5.94264908999636,1.47735091000364
1976-11-30,5.94132454499818,7.01,,4.42,5.94132454499818,1.06867545500182
1976-12-31,5.68566227249909,6.81,,4.34,5.68566227249909,1.1243377275009099
1977-01-31,5.557831136249545,7.4,,4.72,5.557831136249545,1.8421688637504552
1977-02-28,5.493915568124772,7.45,,4.7,5.493915568124772,1.9560844318752277
1977-03-31,5.4619577840623865,7.42,,4.54,5.4619577840623865,1.9580422159376134
1977-04-30,5.445978892031193,7.45,,4.69,5.445978892031193,2.004021107968807
1977-05-31,5.437989446015596,7.38,,5.03,5.437989446015596,1.942010553984404
1977-06-30,5.703994723007797,7.2,,4.98,5.703994723007797,1.4960052769922028
1977-07-31,5.836997361503899,7.42,,5.4,5.836997361503899,1.583002638496101
1977-08-31,5.90349868075195,7.28,,5.56,5.90349868075195,1.3765013192480504
1977-09-30,5.936749340375975,7.41,,5.89,5.936749340375975,1.473250659624025
1977-10-31,5.953374670187987,7.62,,6.18,5.953374670187987,1.666625329812013
1977-11-30,5.961687335093993,7.55,,6.04,5.961687335093993,1.5883126649060069
1977-12-31,6.125843667546997,7.78,,6.13,6.125843667546997,1.6541563324530033
1978-01-31,6.207921833773499,7.94,,6.42,6.207921833773499,1.7320781662265015
1978-02-28,6.24896091688675,8.04,,6.42,6.24896091688675,1.7910390831132492
1978-03-31,6.269480458443375,8.15,,6.47,6.269480458443375,1.880519541556625
1978-04-30,6.279740229221687,8.24,,6.35,6.279740229221687,1.960259770778313
1978-05-31,6.284870114610843,8.42,,6.65,6.284870114610843,2.1351298853891567
1978-06-30,6.462435057305422,8.62,,7.01,6.462435057305422,2.1575649426945773
1978-07-31,6.55121752865271,8.56,,6.76,6.55121752865271,2.00878247134729
1978-08-31,6.5956087643263555,8.39,,7.54,6.5956087643263555,1.7943912356736451
1978-09-30,6.617804382163177,8.56,,7.98,6.617804382163177,1.9421956178368234
1978-10-31,6.628902191081588,8.96,,8.75,6.628902191081588,2.331097808918413
1978-11-30,6.634451095540793,8.86,,9.01,6.634451095540793,2.225548904459206
1978-12-31,6.8672255477703965,9.15,,9.26,6.8672255477703965,2.282774452229604
1979-01-31,6.9836127738851985,8.95,,9.29,6.9836127738851985,1.9663872261148008
1979-02-28,7.041806386942599,9.17,,9.45,7.041806386942599,2.128193613057401
1979-03-31,7.070903193471299,9.11,,9.44,7.070903193471299,2.0390968065287005
1979-04-30,7.085451596735649,9.35,,9.56,7.085451596735649,2.2645484032643504
1979-05-31,7.092725798367825,9.06,,9.57,7.092725798367825,1.9672742016321756
1979-06-30,7.781362899183913,8.81,,8.95,7.781362899183913,1.0286371008160877
1979-07-31,8.125681449591957,9.01,,9.18,8.125681449591957,0.8843185504080431
1979-08-31,8.297840724795979,9.24,,9.81,8.297840724795979,0.9421592752040215
1979-09-30,8.38392036239799,9.44,,10.12,8.38392036239799,1.056079637602009
1979-10-31,8.426960181198996,10.72,,12.12,8.426960181198996,2.293039818801004
1979-11-30,8.4484800905995,10.38,,11.49,8.4484800905995,1.9315199094005013
1979-12-31,9.03924004529975,10.33,,12.04,9.03924004529975,1.2907599547002508
1980-01-31,9.334620022649876,11.13,,12.0,9.334620022649876,1.795379977350125
1980-02-29,9.482310011324937,12.72,,14.01,9.482310011324937,3.237689988675063
1980-03-31,9.556155005662468,12.64,,14.24,9.556155005662468,3.0838449943375323
1980-04-30,9.593077502831235,10.76,,10.39,9.593077502831235,1.1669224971687644
1980-05-31,9.611538751415619,10.25,,7.75,9.611538751415619,0.638461248584381
1980-06-30,9.855769375707808,10.09,,7.88,9.855769375707808,0.23423062429219144
1980-07-31,9.977884687853905,10.76,,8.62,9.977884687853905,0.7821153121460949
1980-08-31,10.038942343926951,11.55,,9.96,10.038942343926951,1.5110576560730493
1980-09-30,10.069471171963475,11.86,,11.44,10.069471171963475,1.7905288280365248
1980-10-31,10.084735585981736,12.46,,12.71,10.084735585981736,2.3752644140182646
1980-11-30,10.092367792990867,12.72,,14.48,10.092367792990867,2.6276322070091336
1980-12-31,10.181183896495433,12.43,,14.3,10.181183896495433,2.2488161035045664
1981-01-31,10.225591948247716,12.68,,14.59,10.225591948247716,2.4544080517522833
1981-02-28,10.247795974123857,13.43,,14.22,10.247795974123857,3.1822040258761426
1981-03-31,10.258897987061928,13.13,,12.46,10.258897987061928,2.8711020129380724
1981-04-30,10.264448993530964,14.11,,14.86,10.264448993530964,3.8455510064690355
1981-05-31,10.267224496765483,13.5,,15.1,10.267224496765483,3.2327755032345173
1981-06-30,9.438612248382741,13.86,,14.28,9.438612248382741,4.421387751617258
1981-07-31,9.02430612419137,14.67,,14.87,9.02430612419137,5.645693875808631
1981-08-31,8.817153062095684,15.41,,15.52,8.817153062095684,6.592846937904316
1981-09-30,8.713576531047842,15.84,,14.34,8.713576531047842,7.126423468952158
1981-10-31,8.66178826552392,14.63,,12.75,8.66178826552392,5.96821173447608
1981-11-30,8.63589413276196,13.13,,10.37,8.63589413276196,4.494105867238041
1981-12-31,7.917947066380981,13.98,,11.08,7.917947066380981,6.06205293361902
1982-01-31,6.1976115,14.14,,12.52,7.558973533190491,7.942388500000001
1982-02-28,6.0792322,14.03,,12.44,7.379486766595246,7.9507677999999995
1982-03-31,5.6481299,14.18,,13.26,7.289743383297623,8.531870099999999
1982-04-30,5.7131884,13.87,,12.34,7.244871691648811,8.1568116
1982-05-31,5.6899798,13.71,,11.5,7.222435845824405,8.020020200000001
1982-06-30,5.6023786,14.44,,12.76,6.461217922912203,8.8376214
1982-07-31,5.9160055,13.68,,10.17,6.080608961456102,7.7639945
1982-08-31,5.6967159,12.81,,8.42,5.890304480728052,7.1132841
1982-09-30,5.733214,11.73,,7.62,5.795152240364025,5.996786
1982-10-31,5.3410651,10.71,,7.9,5.747576120182012,5.368934900000001
1982-11-30,4.7173264,10.79,,8.28,5.723788060091007,6.072673599999999
1982-12-31,4.8624209,10.36,,7.92,5.426894030045503,5.497579099999999
1983-01-31,4.717531,10.8,,8.1,5.278447015022751,6.082469000000001
1983-02-28,4.8609296,10.27,,7.93,5.204223507511376,5.409070399999999
1983-03-31,4.6099924,10.62,,8.64,5.167111753755687,6.010007599999999
1983-04-30,4.7379918,10.27,,8.08,5.148555876877843,5.5320082
1983-05-31,4.5383586,10.81,,8.63,5.139277938438921,6.271641400000001
1983-06-30,4.7208859,10.96,,8.79,5.024638969219461,6.239114100000001
1983-07-31,4.8680949,11.76,,9.22,4.96731948460973,6.8919051
1983-08-31,5.0178961,11.98,,9.26,4.938659742304865,6.962103900000001
1983-09-30,5.1079768,11.44,,8.71,4.924329871152432,6.332023199999999
1983-10-31,4.9742005,11.74,,8.51,4.917164935576216,6.7657995
1983-11-30,5.0693748,11.63,,8.88,4.913582467788109,6.5606252000000005
1983-12-31,5.0893714,11.82,,8.97,5.116791233894054,6.7306286
1984-01-31,5.0640591,11.67,,8.89,5.218395616947028,6.6059409
1984-02-29,5.0342412,12.04,,9.14,5.269197808473514,7.005758799999999
1984-03-31,5.1736894,12.53,,9.72,5.294598904236757,7.3563106
1984-04-30,5.3137983,12.82,,9.72,5.307299452118379,7.5062017
1984-05-31,5.4463469,13.91,,9.75,5.3136497260591895,8.4636531
1984-06-30,5.735139,13.84,,9.92,5.421824863029595,8.104861
1984-07-31,5.7354156,12.91,,10.4,5.475912431514798,7.1745844000000005
1984-08-31,5.4270067,12.79,,10.63,5.502956215757399,7.362993299999999
1984-09-30,5.4416381,12.47,,10.22,5.516478107878699,7.028361900000001
1984-10-31,5.2147606,11.79,,9.01,5.523239053939349,6.575239399999999
1984-11-30,5.0159744,11.58,,8.44,5.526619526969675,6.5640256
1984-12-31,5.0342399,11.55,,7.85,5.153309763484838,6.5157601000000005
1985-01-31,5.1142968,11.17,,8.05,4.96665488174242,6.0557032
1985-02-28,5.0420932,11.91,,8.5,4.8733274408712095,6.8679068
1985-03-31,5.262634,11.65,,8.18,4.826663720435604,6.387366
1985-04-30,5.0197753,11.41,,7.85,4.803331860217803,6.3902247
1985-05-31,4.984325,10.28,,7.14,4.791665930108902,5.295674999999999
1985-06-30,4.5913278,10.25,,6.83,4.67583296505445,5.6586722
1985-07-31,4.5623268,10.57,,7.28,4.6179164825272245,6.0076732
1985-08-31,4.7152609,10.28,,7.14,4.588958241263612,5.5647391
1985-09-30,4.6239161,10.31,,7.04,4.574479120631805,5.686083900000001
1985-10-31,4.6152271,10.01,,7.19,4.567239560315903,5.3947728999999995
1985-11-30,4.4988455,9.59,,7.16,4.563619780157952,5.0911545
1985-12-31,4.3655158,9.0,,7.05,4.261809890078975,4.6344842
1986-01-31,4.1387884,9.08,,6.97,4.110904945039488,4.9412116
1986-02-28,4.1181726,8.13,,7.02,4.035452472519744,4.0118274000000005
1986-03-31,3.7367611,7.39,,6.34,3.997726236259872,3.6532389
1986-04-30,3.5536733,7.38,,6.1,3.9788631181299356,3.8263267
1986-05-31,3.6077332,8.05,,6.3,3.969431559064968,4.4422668000000005
1986-06-30,3.9272729,7.35,,5.96,3.704715779532484,3.4227270999999995
1986-07-31,3.6712197,7.34,,5.79,3.5723578897662422,3.6687803
1986-08-31,3.6324582,6.95,,5.17,3.5061789448831213,3.3175418000000003
1986-09-30,3.4359002,7.45,,5.2,3.4730894724415604,4.0140998
1986-10-31,3.6344365,7.34,,5.2,3.4565447362207804,3.7055635
1986-11-30,3.5555861,7.15,,5.39,3.4482723681103904,3.5944139
1986-12-31,3.4800833,7.23,,5.67,3.5691361840551954,3.7499167000000004
1987-01-31,3.5240979,7.18,,5.6,3.629568092027598,3.6559020999999996
1987-02-28,3.5218239,7.19,,5.45,3.659784046013799,3.6681761000000006
1987-03-31,3.3855791,7.51,,5.61,3.6748920230068993,4.1244209
1987-04-30,3.6251496,8.21,,5.53,3.6824460115034494,4.5848504000000005
1987-05-31,3.9809201,8.49,,5.68,3.6862230057517245,4.5090799
1987-06-30,3.9050188,8.38,,5.73,4.093111502875862,4.4749812
1987-07-31,3.9670631,8.66,,6.07,4.296555751437931,4.6929369
1987-08-31,4.0511275,9.0,,6.25,4.398277875718966,4.9488725
1987-09-30,4.1489692,9.63,,6.61,4.449138937859483,5.481030800000001
1987-10-31,4.2518415,8.88,,5.27,4.474569468929742,4.6281585000000005
1987-11-30,4.1747832,8.99,,5.21,4.487284734464871,4.8152168
1987-12-31,4.2591451,8.83,,5.68,4.293642367232435,4.5708549000000005
1988-01-31,4.2204345,8.26,,5.64,4.196821183616217,4.0395655
1988-02-29,3.8472522,8.16,,5.62,4.1484105918081084,4.3127478
1988-03-31,3.8109943,8.57,,5.71,4.124205295904054,4.7590057
1988-04-30,4.0198724,8.87,,5.98,4.112102647952026,4.8501275999999995
1988-05-31,4.0553785,9.2,,6.43,4.106051323976013,5.1446214999999995
1988-06-30,4.1290591,8.82,,6.56,4.383025661988007,4.6909409
1988-07-31,4.0784464,9.12,,6.95,4.521512830994004,5.041553599999999
1988-08-31,4.0871682,9.25,,7.3,4.590756415497002,5.1628318
1988-09-30,4.1697337,8.87,,7.25,4.625378207748501,4.700266299999999
1988-10-31,4.0496883,8.65,,7.36,4.64268910387425,4.600311700000001
1988-11-30,4.0008188,9.06,,7.83,4.651344551937125,5.0591812
1988-12-31,4.1229057,9.14,,8.1,4.710672275968562,5.017094300000001
1989-01-31,4.2885136,9.01,,8.39,4.740336137984281,4.7214864
1989-02-28,4.1899346,9.32,,8.71,4.75516806899214,5.1300654
1989-03-31,4.3288816,9.3,,8.9,4.76258403449607,4.971118400000001
1989-04-30,4.2662182,9.02,,8.41,4.766292017248035,4.7537818
1989-05-31,4.0993473,8.6,,8.61,4.768146008624017,4.5006527
1989-06-30,3.9601983,8.1,,7.99,4.899073004312008,4.1398017
1989-07-31,3.7419337,7.82,,7.8,4.964536502156005,4.0780663
1989-08-31,3.5784885,8.26,,7.89,4.997268251078003,4.681511499999999
1989-09-30,3.797509,8.31,,7.91,5.013634125539001,4.512491000000001
1989-10-31,3.8261876,7.92,,7.77,5.0218170627695,4.0938124
1989-11-30,3.6877522,7.84,,7.59,5.025908531384751,4.1522478
1989-12-31,3.6632645,7.93,,7.55,4.492954265692376,4.266735499999999
1990-01-31,3.790805,8.43,,7.74,4.226477132846188,4.639194999999999
1990-02-28,3.9721427,8.51,,7.77,4.093238566423095,4.5378573
1990-03-31,3.9572843,8.65,,7.8,4.026619283211547,4.692715700000001
1990-04-30,3.9574181,9.04,,7.79,3.9933096416057734,5.082581899999999
1990-05-31,4.1366521,8.6,,7.75,3.976654820802887,4.4633479
1990-06-30,3.9542983,8.43,,7.74,4.073327410401443,4.4757017
1990-07-31,3.8638041,8.36,,7.49,4.121663705200722,4.4961959
1990-08-31,3.8256958,8.86,,7.39,4.145831852600361,5.034304199999999
1990-09-30,4.0734267,8.82,,7.14,4.157915926300181,4.7465733000000006
1990-10-31,3.9925768,8.65,,7.11,4.16395796315009,4.6574232
1990-11-30,3.9799187,8.26,,7.02,4.1669789815750455,4.2800813
1990-12-31,3.8566272,8.08,,6.44,4.003489490787523,4.2233728
1991-01-31,3.8045971,8.03,,6.19,3.9217447453937613,4.225402899999999
1991-02-28,3.7259127,8.02,,6.04,3.8808723726968806,4.294087299999999
1991-03-31,3.8681694,8.05,,5.74,3.86043618634844,4.1818306000000005
1991-04-30,3.7655984,8.02,,5.51,3.8502180931742203,4.2544016
1991-05-31,3.7827617,8.06,,5.53,3.84510904658711,4.2772383000000005
1991-06-30,3.865324,8.24,,5.54,3.842554523293555,4.374676
1991-07-31,3.8906803,8.2,,5.53,3.8412772616467774,4.3093197
1991-08-31,3.8552348,7.82,,5.33,3.8406386308233884,3.9647652000000004
1991-09-30,3.6904141,7.47,,5.11,3.840319315411694,3.7795859
1991-10-31,3.589857,7.47,,4.82,3.840159657705847,3.880143
1991-11-30,3.5532004,7.38,,4.35,3.8400798288529234,3.8267995999999997
1991-12-31,3.4956178,6.71,,3.88,3.6050399144264618,3.2143821999999997
1992-01-31,3.3688217,7.31,,3.84,3.487519957213231,3.9411783
1992-02-29,3.5751286,7.27,,3.93,3.4287599786066156,3.6948713999999994
1992-03-31,3.6100297,7.54,,4.05,3.399379989303308,3.9299703
1992-04-30,3.641295,7.61,,3.7,3.384689994651654,3.9687050000000004
1992-05-31,3.6711864,7.33,,3.7,3.377344997325827,3.6588136
1992-06-30,3.5871738,7.14,,3.57,3.5036724986629135,3.5528261999999997
1992-07-31,3.4468602,6.72,,3.18,3.5668362493314567,3.2731397999999996
1992-08-31,3.3154797,6.62,,3.16,3.598418124665728,3.3045203
1992-09-30,3.2081161,6.37,,2.69,3.614209062332864,3.1618839000000003
1992-10-31,3.0892278,6.8,,2.96,3.622104531166432,3.7107721999999996
1992-11-30,3.3433578,6.95,,3.27,3.626052265583216,3.6066422
1992-12-31,3.4364061,6.7,,3.08,3.433026132791608,3.2635939
1993-01-31,3.3294652,6.39,,2.9,3.336513066395804,3.0605347999999997
1993-02-28,3.1872819,6.03,,2.95,3.2882565331979023,2.8427181000000004
1993-03-31,3.0120671,6.03,,2.89,3.2641282665989513,3.0179329000000004
1993-04-30,3.0608057,6.05,,2.91,3.2520641332994757,2.9891943
1993-05-31,3.0064162,6.16,,3.06,3.2460320666497378,3.1535838000000003
1993-06-30,2.9998339,5.8,,3.03,3.328016033324869,2.8001660999999998
1993-07-31,2.946292,5.83,,3.03,3.3690080166624345,2.883708
1993-08-31,2.9933546,5.45,,3.01,3.389504008331217,2.4566454
1993-09-30,2.8470506,5.4,,2.92,3.3997520041656086,2.5529494
1993-10-31,2.8473516,5.43,,3.03,3.4048760020828044,2.5826483999999996
1993-11-30,2.9136774,5.83,,3.14,3.4074380010414025,2.9163226
1993-12-31,2.9813298,5.83,,3.01,3.1487190005207015,2.8486702
1994-01-31,3.0223498,5.7,,2.96,3.019359500260351,2.6776502
1994-02-28,2.9679993,6.15,,3.36,2.9546797501301754,3.1820007000000006
1994-03-31,3.2001088,6.77,,3.48,2.922339875065088,3.5698911999999994
1994-04-30,3.4756939,7.06,,3.87,2.9061699375325443,3.5843060999999996
1994-05-31,3.4511028,7.17,,4.16,2.8980849687662724,3.7188972
1994-06-30,3.4930951,7.34,,4.15,3.0290424843831363,3.8469048999999997
1994-07-31,3.6032277,7.12,,4.27,3.0945212421915684,3.5167723
1994-08-31,3.4472497,7.19,,4.56,3.1272606210957843,3.7427503000000004
1994-09-30,3.4803927,7.62,,4.67,3.143630310547892,4.1396073
1994-10-31,3.669374,7.81,,5.03,3.151815155273946,4.140625999999999
1994-11-30,3.7800547,7.91,,5.56,3.155907577636973,4.1299453
1994-12-31,3.8150244,7.84,,5.53,3.2879537888184864,4.024975599999999
1995-01-31,3.86664,7.6,,5.83,3.353976894409243,3.73336
1995-02-28,3.7690674,7.22,,5.76,3.3869884472046214,3.4509326
1995-03-31,3.5760654,7.2,,5.7,3.4034942236023107,3.6239346
1995-04-30,3.5231408,7.07,,5.69,3.411747111801155,3.5468592
1995-05-31,3.3296496,6.3,,5.63,3.4158735559005775,2.9703503999999996
1995-06-30,3.015143,6.21,,5.44,3.3129367779502887,3.194857
1995-07-31,3.0816679,6.45,,5.42,3.2614683889751444,3.3683321000000004
1995-08-31,3.1708179,6.28,,5.29,3.235734194487572,3.1091821000000004
1995-09-30,3.1177132,6.17,,5.24,3.2228670972437863,3.0522868
1995-10-31,3.0711001,6.03,,5.32,3.216433548621893,2.9588999
1995-11-30,3.0207028,5.76,,5.32,3.2132167743109465,2.7392971999999998
1995-12-31,2.8370533,5.58,,4.96,2.9816083871554735,2.7429467
1996-01-31,2.8814735,5.6,,4.91,2.8658041935777367,2.7185265
1996-02-29,2.8671836,6.13,,4.89,2.8079020967888684,3.2628163999999997
1996-03-31,2.9629321,6.34,,5.0,2.7789510483944344,3.3770678999999997
1996-04-30,3.1097521,6.66,,5.01,2.764475524197217,3.5502479
1996-05-31,3.2719934,6.85,,5.04,2.7572377620986086,3.5780065999999997
1996-06-30,3.3646355,6.73,,5.04,2.713618881049304,3.3653645000000005
1996-07-31,3.2589758,6.8,,5.18,2.691809440524652,3.5410242
1996-08-31,3.2637507,6.96,,5.15,2.680904720262326,3.6962493
1996-09-30,3.3520617,6.72,,4.91,2.675452360131163,3.3679382999999996
1996-10-31,3.2741396,6.37,,5.03,2.6727261800655815,3.0958604000000003
1996-11-30,3.1953407,6.06,,5.0,2.6713630900327905,2.8646592999999996
1996-12-31,3.040501,6.43,,5.07,2.7656815450163954,3.389499
1997-01-31,3.2421093,6.53,,5.02,2.8128407725081974,3.2878907
1997-02-28,3.2370082,6.56,,5.09,2.8364203862540984,3.3229917999999996
1997-03-31,3.2576053,6.92,,5.21,2.8482101931270494,3.6623947
1997-04-30,3.3733109,6.72,,5.14,2.854105096563525,3.3466891
1997-05-31,3.3054865,6.67,,4.82,2.8570525482817626,3.3645134999999997
1997-06-30,3.2962754,6.51,,5.06,2.8785262741408815,3.2137246
1997-07-31,3.1968296,6.02,,5.11,2.889263137070441,2.8231703999999995
1997-08-31,3.1381246,6.34,,5.1,2.89463156853522,3.2018754
1997-09-30,3.1400638,6.12,,4.93,2.89731578426761,2.9799362
1997-10-31,3.1142757,5.84,,5.07,2.898657892133805,2.7257243
1997-11-30,3.0902691,5.86,,5.08,2.8993289460669027,2.7697309000000003
1997-12-31,2.9939903,5.75,,5.22,2.689664473033451,2.7560097
1998-01-31,2.9523563,5.53,,5.06,2.584832236516726,2.5776437000000003
1998-02-28,2.9135125,5.62,,5.18,2.5324161182583627,2.7064875
1998-03-31,2.9446482,5.67,,5.02,2.5062080591291815,2.7253518
1998-04-30,2.9271605,5.68,,4.87,2.4931040295645905,2.7528395
1998-05-31,2.9741111,5.56,,4.89,2.486552014782295,2.5858888999999996
1998-06-30,2.9159772,5.44,,4.97,2.458276007391148,2.5240228000000005
1998-07-31,2.9275565,5.5,,4.97,2.444138003695574,2.5724435
1998-08-31,2.9154367,5.05,,4.77,2.437069001847787,2.1345633
1998-09-30,2.7392548,4.44,,4.26,2.4335345009238933,1.7007452000000005
1998-10-31,2.407417,4.64,,4.23,2.431767250461947,2.2325829999999995
1998-11-30,2.5441109,4.74,,4.42,2.4308836252309733,2.1958891
1998-12-31,2.5016398,4.65,,4.37,2.2854418126154865,2.1483602000000004
1999-01-31,2.5871265,4.66,,4.37,2.2127209063077435,2.0728735
1999-02-28,2.6252973,5.29,,4.55,2.1763604531538716,2.6647027
1999-03-31,2.789154,5.25,,4.37,2.1581802265769356,2.460846
1999-04-30,2.7963377,5.36,,4.43,2.1490901132884677,2.5636623000000003
1999-05-31,2.8490328,5.64,,4.53,2.144545056644234,2.7909672
1999-06-30,2.9371065,5.81,,4.65,2.312272528322117,2.8728934999999995
1999-07-31,3.0105503,5.92,,4.62,2.3961362641610586,2.9094497
1999-08-31,3.0557115,5.98,,4.84,2.438068132080529,2.9242885000000003
1999-09-30,3.0939121,5.9,,4.74,2.4590340660402648,2.8060879000000005
1999-10-31,3.134861,6.02,,4.97,2.469517033020132,2.8851389999999997
1999-11-30,3.1492332,6.18,,5.15,2.4747585165100663,3.0307668
1999-12-31,3.2173645,6.45,,5.17,2.417379258255033,3.2326355
2000-01-31,3.2743698,6.68,,5.53,2.3886896291275166,3.4056301999999996
2000-02-29,3.3488244,6.42,,5.62,2.3743448145637585,3.0711756
2000-03-31,3.3286618,6.03,,5.72,2.3671724072818794,2.7013382000000004
2000-04-30,3.1782392,6.23,,5.66,2.3635862036409394,3.0517608000000003
2000-05-31,3.2724233,6.29,,5.48,2.36179310182047,3.0175767000000002
2000-06-30,3.3262841,6.03,,5.71,2.450896550910235,2.7037159
2000-07-31,3.0885155,6.04,,6.03,2.4954482754551175,2.9514845
2000-08-31,3.0654361,5.73,,6.13,2.5177241377275585,2.6645639000000005
2000-09-30,2.9890166,5.8,,6.05,2.5288620688637793,2.8109834
2000-10-31,2.9611545,5.77,,6.19,2.53443103443189,2.8088454999999994
2000-11-30,2.9558753,5.48,,6.03,2.537215517215945,2.5241247
2000-12-31,2.8761227,5.12,,5.73,2.5086077586079725,2.2438773000000003
2001-01-31,2.5332933,5.19,,4.86,2.4943038793039864,2.6567067000000004
2001-02-28,2.6418159,4.92,,4.73,2.4871519396519934,2.2781841
2001-03-31,2.4986875,4.93,,4.2,2.4835759698259965,2.4313124999999998
2001-04-30,2.586794,5.35,,3.86,2.481787984912998,2.763206
2001-05-31,2.7619294,5.43,,3.55,2.480893992456499,2.6680705999999996
2001-06-30,2.8453051,5.42,,3.57,2.5054469962282493,2.5746949
2001-07-31,2.8069829,5.07,3.61,3.46,2.5177234981141243,2.2630171000000003
2001-08-31,2.6864373,4.85,3.35,3.3,2.523861749057062,2.1635626999999995
2001-09-30,2.7490267,4.6,2.24,2.35,2.5269308745285306,1.8509732999999997
2001-10-31,2.5279263,4.3,2.12,2.01,2.5284654372642654,1.7720737
2001-11-30,2.3965374,4.78,1.85,1.75,2.529232718632133,2.3834626
2001-12-31,2.6393462,5.07,1.65,1.71,2.2446163593160664,2.4306538000000004
2002-01-31,2.7899369,5.07,1.66,1.73,2.102308179658033,2.2800631000000005
2002-02-28,2.7123769,4.88,1.73,1.76,2.0311540898290166,2.1676230999999997
2002-03-31,2.7046551,5.42,1.73,1.76,1.9955770449145083,2.7153449
2002-04-30,2.9520356,5.11,1.72,1.74,1.9777885224572542,2.1579644000000004
2002-05-31,2.7927848,5.08,1.69,1.71,1.968894261228627,2.2872152
2002-06-30,2.7303686,4.86,1.66,1.67,2.1844471306143136,2.1296314000000005
2002-07-31,2.6473991,4.51,1.7,1.68,2.2922235653071565,1.8626009
2002-08-31,2.3926105,4.14,1.68,1.66,2.346111782653578,1.7473894999999997
2002-09-30,2.2175256,3.63,1.58,1.54,2.373055891326789,1.4124743999999998
2002-10-31,2.1200192,3.93,1.46,1.42,2.3865279456633948,1.8099808
2002-11-30,2.1935127,4.22,1.23,1.2,2.393263972831697,2.0264873
2002-12-31,2.3274091,3.83,1.18,1.2,2.1766319864158485,1.5025909
2003-01-31,2.2439394,4.0,1.15,1.16,2.068315993207924,1.7560606
2003-02-28,2.2455641,3.71,1.19,1.18,2.014157996603962,1.4644358999999998
2003-03-31,2.0783864,3.83,1.14,1.12,1.987078998301981,1.7516136000000002
2003-04-30,2.1166901,3.89,1.11,1.11,1.9735394991509905,1.7733099
2003-05-31,2.1170777,3.37,1.15,1.09,1.9667697495754952,1.2529223000000003
2003-06-30,1.9788142,3.54,0.78,0.89,1.8233848747877475,1.5611858
2003-07-31,1.973451,4.49,0.89,0.94,1.7516924373938738,2.5165490000000004
2003-08-31,2.2894709,4.45,0.96,0.96,1.715846218696937,2.1605291
2003-09-30,2.3966164,3.96,0.86,0.93,1.6979231093484684,1.5633835999999999
2003-10-31,2.1063259,4.33,0.94,0.94,1.688961554674234,2.2236741
2003-11-30,2.2911369,4.34,0.94,0.91,1.684480777337117,2.0488630999999997
2003-12-31,2.3653793,4.27,0.88,0.93,1.8272403886685584,1.9046206999999997
2004-01-31,2.3167501,4.16,0.83,0.9,1.898620194334279,1.8432499
2004-02-29,2.2754574,3.99,0.93,0.94,1.9343100971671396,1.7145426000000001
2004-03-31,2.1716856,3.86,0.95,0.93,1.95215504858357,1.6883143999999999
2004-04-30,2.1480768,4.53,0.81,0.96,1.961077524291785,2.3819232
2004-05-31,2.4546894,4.66,0.92,1.06,1.9655387621458926,2.2053106000000002
2004-06-30,2.5673682,4.62,1.15,1.31,2.012769381072946,2.0526318
2004-07-31,2.501857,4.5,1.24,1.42,2.0363846905364733,1.9981429999999998
2004-08-31,2.4716518,4.13,1.43,1.57,2.0481923452682365,1.6583481999999998
2004-09-30,2.3558656,4.14,1.44,1.68,2.054096172634118,1.7841343999999997
2004-10-31,2.3505515,4.05,1.7,1.87,2.0570480863170593,1.6994485
2004-11-30,2.3070912,4.36,2.04,2.19,2.0585240431585294,2.0529088000000004
2004-12-31,2.3469422,4.24,1.84,2.18,2.0442620215792644,1.8930578000000002
2005-01-31,2.3687512,4.14,1.99,2.48,2.037131010789632,1.7712487999999995
2005-02-28,2.3706533,4.36,2.45,2.72,2.033565505394816,1.9893467000000005
2005-03-31,2.474904,4.5,2.58,2.73,2.031782752697408,2.025096
2005-04-30,2.5215946,4.21,2.65,2.84,2.0308913763487038,1.6884054000000002
2005-05-31,2.4035554,4.0,2.73,2.93,2.0304456881743516,1.5964445999999999
2005-06-30,2.2949612,3.94,2.94,3.06,2.1452228440871757,1.6450388
2005-07-31,2.359812,4.28,3.19,3.34,2.2026114220435877,1.9201880000000005
2005-08-31,2.4709578,4.02,3.35,3.44,2.2313057110217938,1.5490421999999997
2005-09-30,2.3536565,4.34,3.08,3.47,2.2456528555108966,1.9863434999999998
2005-10-31,2.5492617,4.57,3.69,3.89,2.252826427755448,2.0207383
2005-11-30,2.5758744,4.49,3.93,3.86,2.2564132138777238,1.9141256000000002
2005-12-31,2.5702512,4.39,3.94,3.99,2.128206606938862,1.8197487999999997
2006-01-31,2.4488727,4.53,4.3,4.37,2.064103303469431,2.0811273000000003
2006-02-28,2.5135642,4.55,4.39,4.51,2.0320516517347156,2.0364358
2006-03-31,2.4741254,4.86,4.57,4.52,2.0160258258673576,2.3858746
2006-04-30,2.6257421,5.07,4.51,4.65,2.008012912933679,2.4442579
2006-05-31,2.6635907,5.12,4.67,4.74,2.0040064564668394,2.4564093000000002
2006-06-30,2.6658287,5.15,4.43,4.87,2.16700322823342,2.4841713000000003
2006-07-31,2.721923,4.99,4.93,4.97,2.24850161411671,2.2680770000000003
2006-08-31,2.6194038,4.74,5.03,4.92,2.2892508070583553,2.1205962
2006-09-30,2.5174803,4.64,4.5,4.77,2.3096254035291777,2.1225197
2006-10-31,2.485753,4.61,5.09,4.95,2.319812701764589,2.1242470000000004
2006-11-30,2.3789791,4.46,5.14,4.9,2.3249063508822942,2.0810209
2006-12-31,2.3467956,4.71,4.65,4.89,2.4874531754411473,2.3632044
2007-01-31,2.5293118,4.83,4.91,4.99,2.5687265877205734,2.3006882
2007-02-28,2.5756304,4.56,5.13,5.01,2.6093632938602864,1.9843695999999995
2007-03-31,2.4594415,4.65,4.97,4.9,2.629681646930143,2.1905585000000003
2007-04-30,2.4786022,4.63,4.69,4.79,2.6398408234650717,2.1513978
2007-05-31,2.524481,4.9,4.69,4.6,2.644920411732536,2.375519
2007-06-30,2.6718196,5.03,4.16,4.68,2.512460205866268,2.3581804
2007-07-31,2.6399293,4.78,5.03,4.82,2.446230102933134,2.1400707000000003
2007-08-31,2.4898174,4.54,3.95,3.91,2.413115051466567,2.0501826
2007-09-30,2.4115217,4.59,3.34,3.72,2.396557525733283,2.1784782999999996
2007-10-31,2.4520543,4.48,3.93,3.84,2.3882787628666415,2.0279457000000005
2007-11-30,2.3840553,3.97,3.6,3.08,2.3841393814333207,1.5859447000000002
2007-12-31,2.1470427,4.04,2.61,3.29,2.4620696907166604,1.8929573
2008-01-31,2.174666,3.67,1.6,1.92,2.50103484535833,1.4953339999999997
2008-02-29,2.0725733,3.53,2.04,1.81,2.5205174226791653,1.4574266999999996
2008-03-31,1.9412978,3.45,1.18,1.36,2.5302587113395827,1.5087022
2008-04-30,2.0011092,3.77,1.15,1.41,2.5351293556697914,1.7688907999999999
2008-05-31,2.2201559,4.06,1.96,1.85,2.5375646778348955,1.8398440999999996
2008-06-30,2.3034655,3.99,1.54,1.87,2.673782338917448,1.6865345
2008-07-31,2.343078,3.99,1.52,1.65,2.7418911694587242,1.646922
2008-08-31,2.3471243,3.83,1.6,1.69,2.775945584729362,1.4828757000000001
2008-09-30,2.2096956,3.85,1.01,0.9,2.792972792364681,1.6403044000000002
2008-10-31,2.1066821,4.01,0.11,0.44,2.801486396182341,1.9033178999999998
2008-11-30,2.0072092,2.93,0.02,0.01,2.8057431980911707,0.9227908
2008-12-31,1.5806981,2.25,0.11,0.11,1.8978715990455854,0.6693019
2009-01-31,1.621304,2.87,0.14,0.24,1.4439357995227926,1.248696
2009-02-28,1.6701025,3.02,0.16,0.26,1.2169678997613964,1.3498975
2009-03-31,1.6327655,2.71,0.17,0.21,1.1034839498806983,1.0772344999999999
2009-04-30,1.6962653,3.16,0.04,0.14,1.0467419749403493,1.4637347
2009-05-31,1.8570946,3.47,0.14,0.14,1.0183709874701745,1.6129054000000003
2009-06-30,2.0073266,3.53,0.17,0.19,1.3691854937350874,1.5226734
2009-07-31,2.0420241,3.52,0.14,0.18,1.5445927468675436,1.4779759000000001
2009-08-31,2.0934921,3.4,0.11,0.15,1.6322963734337717,1.3065078999999997
2009-09-30,2.0688171,3.31,0.06,0.14,1.676148186716886,1.2411829
2009-10-31,1.9561555,3.41,0.01,0.05,1.6980740933584428,1.4538445000000002
2009-11-30,2.0233626,3.21,0.08,0.06,1.7090370466792213,1.1866374
2009-12-31,1.9064085,3.85,0.04,0.06,1.8195185233396107,1.9435915000000001
2010-01-31,2.0911325,3.63,0.02,0.08,1.8747592616698054,1.5388674999999998
2010-02-28,2.0165529,3.61,0.09,0.13,1.9023796308349028,1.5934470999999997
2010-03-31,2.0067599,3.84,0.15,0.16,1.9161898154174515,1.8332400999999998
2010-04-30,2.0631275,3.69,0.14,0.16,1.9230949077087258,1.6268725000000002
2010-05-31,2.0234055,3.31,0.15,0.16,1.9265474538543628,1.2865945
2010-06-30,1.8811319,2.97,0.17,0.18,1.8082737269271814,1.0888681000000002
2010-07-31,1.7304709,2.94,0.14,0.15,1.7491368634635907,1.2095291
2010-08-31,1.7086811,2.47,0.16,0.14,1.7195684317317954,0.7613189000000002
2010-09-30,1.580762,2.53,0.14,0.16,1.7047842158658977,0.9492379999999998
2010-10-31,1.5742367,2.63,0.14,0.12,1.6973921079329488,1.0557633
2010-11-30,1.5460638,2.81,0.18,0.17,1.6936960539664745,1.2639362
2010-12-31,1.6945193,3.3,0.06,0.12,1.6668480269832373,1.6054806999999998
2011-01-31,1.9670054,3.42,0.15,0.15,1.6534240134916187,1.4529946
2011-02-28,1.9901515,3.42,0.13,0.15,1.6467120067458092,1.4298484999999999
2011-03-31,2.048335,3.47,0.05,0.09,1.6433560033729044,1.4216650000000004
2011-04-30,2.099215,3.32,0.02,0.04,1.641678001686452,1.2207849999999998
2011-05-31,2.032293,3.05,0.04,0.06,1.640839000843226,1.0177069999999997
2011-06-30,1.894122,3.18,0.01,0.03,1.800419500421613,1.285878
2011-07-31,1.9889734,2.82,0.17,0.1,1.8802097502108066,0.8310266
2011-08-31,1.7313642,2.23,0.01,0.02,1.9201048751054033,0.49863579999999996
2011-09-30,1.5583105,1.92,0.02,0.02,1.9400524375527017,0.3616895
2011-10-31,1.5883361,2.17,0.02,0.01,1.9500262187763509,0.5816638999999999
2011-11-30,1.6085842,2.08,0.02,0.01,1.9550131093881755,0.47141580000000016
2011-12-31,1.6422125,1.89,0.01,0.02,1.9575065546940877,0.24778749999999983
2012-01-31,1.6011744,1.83,0.04,0.06,1.9587532773470437,0.22882559999999996
2012-02-29,1.5458862,1.98,0.08,0.08,1.9593766386735219,0.4341138
2012-03-31,1.5801475,2.23,0.05,0.07,1.959688319336761,0.6498524999999999
2012-04-30,1.6497201,1.95,0.07,0.1,1.9598441596683804,0.30027990000000004
2012-05-31,1.5553438,1.59,0.03,0.07,1.95992207983419,0.03465620000000014
2012-06-30,1.4156358,1.67,0.04,0.09,1.989961039917095,0.25436419999999993
2012-07-31,1.4852789,1.51,0.07,0.11,2.0049805199585475,0.02472110000000005
2012-08-31,1.480409,1.57,0.09,0.09,2.0124902599792738,0.08959099999999998
2012-09-30,1.5292492,1.65,0.06,0.1,2.016245129989637,0.12075079999999994
2012-10-31,1.5026504,1.72,0.09,0.11,2.0181225649948185,0.21734959999999992
2012-11-30,1.5179508,1.62,0.11,0.08,2.0190612824974092,0.10204920000000017
2012-12-31,1.5262619,1.78,0.02,0.05,1.8895306412487045,0.2537381000000001
2013-01-31,1.4890559,2.02,0.04,0.07,1.8247653206243521,0.5309440999999999
2013-02-28,1.5381946,1.89,0.07,0.11,1.792382660312176,0.35180539999999993
2013-03-31,1.4118858,1.87,0.04,0.07,1.776191330156088,0.4581142
2013-04-30,1.4618435,1.7,0.03,0.05,1.768095665078044,0.23815649999999988
2013-05-31,1.4138488,2.16,0.03,0.04,1.7640478325390219,0.7461512000000001
2013-06-30,1.5503442,2.52,0.02,0.04,2.122023916269511,0.9696558
2013-07-31,1.634568,2.6,0.03,0.04,2.3010119581347555,0.9654320000000001
2013-08-31,1.7580797,2.78,0.02,0.03,2.3905059790673775,1.0219203
2013-09-30,1.8688006,2.64,0.03,0.02,2.435252989533689,0.7711994000000002
2013-10-31,1.7246934,2.57,0.03,0.04,2.4576264947668447,0.8453065999999998
2013-11-30,1.7163045,2.75,0.05,0.06,2.468813247383422,1.0336955
2013-12-31,1.7851389,3.04,0.01,0.07,2.184406623691711,1.2548611
2014-01-31,1.8490071,2.67,0.03,0.02,2.0422033118458556,0.8209929
2014-02-28,1.7690838,2.66,0.04,0.05,1.9711016559229277,0.8909162000000002
2014-03-31,1.7451938,2.73,0.03,0.05,1.935550827961464,0.9848062
2014-04-30,1.87485,2.67,0.02,0.03,1.917775413980732,0.79515
2014-05-31,1.8687902,2.48,0.05,0.04,1.9088877069903658,0.6112097999999999
2014-06-30,1.8300901,2.53,0.02,0.04,1.929443853495183,0.6999098999999998
2014-07-31,1.8823807,2.58,0.01,0.03,1.9397219267475916,0.6976193000000002
2014-08-31,1.8790741,2.35,0.02,0.03,1.9448609633737957,0.4709259000000001
2014-09-30,1.9131183,2.52,0.02,0.02,1.9474304816868977,0.6068817
2014-10-31,1.8727096,2.35,0.01,0.01,1.9487152408434487,0.4772904
2014-11-30,1.8157437,2.18,0.04,0.02,1.9493576204217242,0.3642563000000001
2014-12-31,1.8521375,2.17,0.03,0.04,1.7946788102108622,0.31786249999999994
2015-01-31,1.6943704,1.68,0.01,0.02,1.717339405105431,-0.014370400000000005
2015-02-28,1.5339526,2.0,0.02,0.02,1.6786697025527153,0.4660473999999999
2015-03-31,1.7034873,1.94,0.05,0.03,1.6593348512763577,0.23651270000000002
2015-04-30,1.7122854,2.05,-0.01,0.01,1.649667425638179,0.33771459999999975
2015-05-31,1.793767,2.12,0.01,0.01,1.6448337128190893,0.3262330000000002
2015-06-30,1.8240356,2.35,0.02,0.01,2.0274168564095447,0.5259644000000001
2015-07-31,1.8829511,2.2,0.04,0.08,2.2187084282047724,0.3170489000000001
2015-08-31,1.817785,2.21,0.04,0.08,2.3143542141023863,0.392215
2015-09-30,1.83859304,2.06,-0.02,-0.01,2.362177107051193,0.22140696000000015
2015-10-31,1.7425951,2.16,0.01,0.08,2.386088553525597,0.4174049000000002
2015-11-30,1.802926,2.21,0.1,0.22,2.3980442767627985,0.40707399999999994
2015-12-31,1.81273123,2.27,0.14,0.16,2.1640221383813993,0.45726877
2016-01-31,1.85042813,1.94,0.21,0.32,2.0470110691906998,0.08957186999999989
2016-02-29,1.7071694,1.74,0.22,0.33,1.9885055345953497,0.03283060000000004
2016-03-31,1.64890624,1.78,0.18,0.21,1.959252767297675,0.13109375999999995
2016-04-30,1.71603963,1.83,0.16,0.22,1.9446263836488376,0.11396037000000003
2016-05-31,1.74893221,1.84,0.27,0.34,1.9373131918244186,0.09106779000000009
2016-06-30,1.72374515,1.49,0.19,0.26,2.033656595912209,-0.23374515000000007
2016-07-31,1.63004592,1.46,0.18,0.27,2.0818282979561045,-0.17004591999999996
2016-08-31,1.64768851,1.58,0.26,0.33,2.1059141489780524,-0.06768850999999998
2016-09-30,1.72789683,1.6,0.19,0.28,2.117957074489026,-0.12789682999999985
2016-10-31,1.70459005,1.84,0.18,0.34,2.123978537244513,0.1354099500000001
2016-11-30,1.75829573,2.37,0.37,0.48,2.1269892686222565,0.6117042700000002
2016-12-31,1.95369171,2.45,0.43,0.5,2.2184946343111283,0.4963082900000002
2017-01-31,1.92241681,2.45,0.49,0.52,2.264247317155564,0.5275831900000001
2017-02-28,1.92235723,2.36,0.39,0.53,2.287123658577782,0.43764276999999985
2017-03-31,1.88654098,2.4,0.73,0.75,2.298561829288891,0.51345902
2017-04-30,1.85758237,2.29,0.66,0.79,2.304280914644446,0.43241763
2017-05-31,1.84054543,2.21,0.85,0.96,2.307140457322223,0.36945457000000004
2017-06-30,1.73020088,2.31,0.82,1.01,2.3035702286611115,0.5797991200000001
2017-07-31,1.84955694,2.3,0.98,1.05,2.3017851143305554,0.4504430599999998
2017-08-31,1.8153385,2.12,0.93,0.99,2.3008925571652776,0.30466150000000014
2017-09-30,1.84386995,2.33,0.94,1.04,2.3004462785826387,0.4861300500000001
2017-10-31,1.89298914,2.38,0.98,1.13,2.3002231392913193,0.4870108599999998
2017-11-30,1.92496508,2.42,1.12,1.25,2.3001115696456598,0.49503491999999993
2017-12-31,2.01118703,2.4,1.25,1.37,2.25505578482283,0.38881297000000004
2018-01-31,1.95641907,2.72,1.41,1.44,2.232527892411415,0.7635809300000003
2018-02-28,2.07333165,2.87,1.48,1.63,2.2212639462057076,0.79666835
2018-03-31,1.97024161,2.74,1.6,1.7,2.2156319731028535,0.7697583900000002
2018-04-30,1.98436343,2.95,1.6,1.84,2.2128159865514268,0.9656365700000002
2018-05-31,2.09161804,2.83,1.73,1.89,2.2114079932757136,0.7383819599999999
2018-06-30,2.04590296,2.85,1.73,1.89,2.2107039966378568,0.8040970400000003
2018-07-31,2.09571821,2.96,1.91,1.99,2.210351998318928,0.8642817900000002
2018-08-31,2.14036185,2.86,1.91,2.07,2.210175999159464,0.7196381499999998
2018-09-30,2.13615266,3.05,2.09,2.15,2.210087999579732,0.9138473399999998
2018-10-31,2.16677604,3.15,2.16,2.29,2.2100439997898658,0.9832239600000001
2018-11-30,2.15417847,3.01,2.27,2.32,2.210021999894933,0.8558215299999996
2018-12-31,2.09134924,2.69,2.4,2.4,2.2250109999474663,0.59865076
2019-01-31,1.95832446,2.63,2.38,2.36,2.2325054999737333,0.6716755399999998
2019-02-28,1.97069441,2.73,2.4,2.4,2.2362527499868667,0.7593055900000001
2019-03-31,1.69207771,2.41,2.39,2.35,2.2381263749934335,0.7179222900000002
2019-04-30,1.74737586,2.51,2.38,2.38,2.2390631874967166,0.7626241399999998
2019-05-31,1.80265678,2.14,2.31,2.3,2.2395315937483584,0.33734322000000017
2019-06-30,1.63705342,2.0,2.14,2.08,2.099765796874179,0.36294658
2019-07-31,1.67609847,2.02,1.96,2.04,2.02988289843709,0.3439015300000001
2019-08-31,1.65909585,1.5,2.06,1.95,1.9949414492185449,-0.15909584999999993
2019-09-30,1.56044845,1.68,1.88,1.84,1.9774707246092724,0.11955154999999995
2019-10-31,1.64198724,1.69,1.56,1.51,1.9687353623046362,0.04801275999999999
2019-11-30,1.67935282,1.78,1.59,1.56,1.964367681152318,0.10064717999999995
2019-12-31,1.7145255,1.92,1.45,1.52,1.997183840576159,0.2054745
2020-01-31,1.7346773,1.51,1.53,1.52,2.0135919202880794,-0.22467729999999997
2020-02-29,1.61900368,1.13,1.43,1.25,2.02179596014404,-0.48900368000000016
2020-03-31,1.26977517,0.7,0.04,0.11,2.0258979800720196,-0.56977517
2020-04-30,1.15834975,0.64,0.1,0.09,2.02794899003601,-0.5183497499999999
2020-05-31,1.16234276,0.65,0.13,0.14,2.028974495018005,-0.51234276
2020-06-30,1.23186673,0.66,0.13,0.16,1.9594872475090024,-0.5718667299999999
2020-07-31,1.34690049,0.55,0.09,0.09,1.9247436237545013,-0.7969004899999999
2020-08-31,1.34095578,0.72,0.08,0.11,1.9073718118772507,-0.6209557800000001
2020-09-30,1.35099923,0.69,0.08,0.1,1.8986859059386254,-0.66099923
2020-10-31,1.33753773,0.88,0.08,0.09,1.8943429529693128,-0.45753773
2020-11-30,1.37663264,0.84,0.08,0.08,1.8921714764846564,-0.53663264
2020-12-31,1.41717038,0.93,0.08,0.09,1.8110857382423282,-0.4871703799999999
2021-01-31,1.37942385,1.11,0.07,0.06,1.7705428691211642,-0.2694238499999999
2021-02-28,1.42757598,1.44,0.04,0.04,1.750271434560582,0.012424019999999869
2021-03-31,1.4974036,1.74,0.01,0.03,1.7401357172802911,0.24259640000000005
2021-04-30,1.58314707,1.65,0.01,0.01,1.7350678586401456,0.06685292999999981
2021-05-31,1.57835302,1.58,0.01,0.01,1.7325339293200728,0.0016469800000000756
2021-06-30,1.59628851,1.45,0.05,0.05,1.9862669646600364,-0.14628850999999998
2021-07-31,1.62481074,1.24,0.05,0.06,2.113133482330018,-0.38481074000000004
2021-08-31,1.58016294,1.3,0.03,0.04,2.176566741165009,-0.28016293999999986
2021-09-30,1.64278592,1.52,0.07,0.04,2.208283370582505,-0.12278591999999988
2021-10-31,1.61273952,1.55,0.06,0.05,2.2241416852912526,-0.06273952000000005
2021-11-30,1.75849648,1.43,0.11,0.05,2.2320708426456264,-0.3284964800000001
2021-12-31,1.75897506,1.52,0.06,0.06,2.681035421322813,-0.23897506000000002
2022-01-31,1.7965635,1.79,0.03,0.24,2.9055177106614067,-0.006563499999999944
2022-02-28,1.92112169,1.83,0.06,0.37,3.0177588553307033,-0.09112169000000003
2022-03-31,1.94721641,2.32,0.17,0.51,3.073879427665352,0.37278358999999983
2022-04-30,2.21125412,2.89,0.37,0.83,3.101939713832676,0.6787458800000001
2022-05-31,2.37039462,2.85,0.71,1.13,3.1159698569163377,0.4796053800000002
2022-06-30,2.40126382,2.98,1.26,1.66,3.357984928458169,0.5787361799999999
2022-07-31,2.22257318,2.67,2.16,2.34,3.4789924642290844,0.44742682
2022-08-31,2.09959153,3.15,2.29,2.87,3.5394962321145425,1.0504084699999998
2022-09-30,2.36598926,3.83,2.7,3.22,3.569748116057271,1.46401074
2022-10-31,2.37080895,4.1,3.57,4.06,3.5848740580286353,1.7291910499999998
2022-11-30,2.45466999,3.68,3.91,4.27,3.5924370290143175,1.22533001
2022-12-31,2.21937769,3.88,3.95,4.3,3.521218514507159,1.66062231
2023-01-31,2.28560928,3.52,4.45,4.58,3.4856092572535795,1.23439072
2023-02-28,2.10573941,3.92,4.52,4.72,3.46780462862679,1.81426059
2023-03-31,2.25862414,3.48,4.6,4.68,3.458902314313395,1.2213758600000002
2023-04-30,2.10348814,3.44,4.23,4.95,3.4544511571566976,1.3365118599999999
2023-05-31,2.16281462,3.64,5.08,5.26,3.452225578578349,1.4771853800000003
2023-06-30,1.75489679,3.81,5.08,5.17,2.9461127892891747,2.05510321
2023-07-31,2.06401319,3.97,5.27,5.28,2.6930563946445876,1.9059868100000004
2023-08-31,2.13876555,4.09,5.28,5.32,2.5665281973222935,1.9512344499999998
2023-09-30,2.22221813,4.59,5.29,5.32,2.5032640986611465,2.36778187
2023-10-31,2.36082664,4.88,5.29,5.33,2.471632049330573,2.51917336
2023-11-30,2.36082664,4.67,5.29,5.29,2.4558160246652863,2.30917336
